,vote-share,goals,assists,ops,dps,plus-minus,mvp,position_C,position_D,position_W,points,tps
0,38.43,51,86,11.3,1.3,14,1,1,0,0,137,12.600000000000001
1,30.24,53,84,11.6,2.0,34,0,1,0,0,137,13.6
2,8.01,50,75,10.8,2.0,40,0,0,0,1,125,12.8
3,3.64,56,33,8.3,2.1,48,0,0,0,1,89,10.4
4,1.64,14,61,5.5,5.9,38,0,0,1,0,75,11.4
5,1.46,40,57,7.7,1.0,3,0,1,0,0,97,8.7
6,1.28,8,33,3.2,2.4,13,0,0,1,0,41,5.6
7,1.09,12,57,3.3,1.6,42,0,1,0,0,69,4.9
8,42.68,55,109,12.3,2.0,41,1,1,0,0,164,14.3
9,4.23,58,77,10.5,2.3,54,0,1,0,0,135,12.8
10,3.53,68,51,10.2,1.8,38,0,0,0,1,119,12.0
11,1.59,31,72,6.6,2.1,50,0,1,0,0,103,8.7
12,1.23,12,38,3.2,6.1,47,0,0,1,0,50,9.3
13,0.88,49,82,9.5,1.4,14,0,1,0,0,131,10.9
14,0.71,20,56,5.4,5.6,39,0,0,1,0,76,11.0
15,0.53,46,39,6.3,1.3,12,0,0,0,1,85,7.6
16,0.35,16,67,5.4,3.0,-16,0,0,1,0,83,8.4
17,0.35,39,70,7.3,1.3,10,0,1,0,0,109,8.6
18,0.18,35,27,3.8,1.2,4,0,0,0,1,62,5.0
19,0.18,27,43,5.0,1.3,24,0,0,0,1,70,6.3
20,0.18,27,29,4.5,5.1,29,0,0,1,0,56,9.6
21,100.0,92,120,17.2,2.5,80,1,1,0,0,212,19.7
22,41.27,50,79,8.7,2.4,70,0,1,0,0,129,11.1
23,10.79,64,83,10.9,2.4,69,0,0,0,1,147,13.3
24,4.76,46,93,9.1,0.7,-10,0,1,0,0,139,9.799999999999999
25,4.13,45,58,6.8,1.0,-7,0,1,0,0,103,7.8
26,3.17,9,29,2.0,4.2,20,0,0,1,0,38,6.2
27,3.17,60,76,9.9,1.1,-7,0,1,0,0,136,11.0
28,2.22,51,43,7.0,1.4,15,0,0,0,1,94,8.4
29,1.9,39,46,6.9,3.4,1,0,0,1,0,85,10.3
30,1.59,43,71,7.3,1.4,10,0,1,0,0,114,8.7
31,1.59,32,87,7.0,1.0,0,0,1,0,0,119,8.0
32,0.32,22,30,2.2,1.6,24,0,0,0,1,52,3.8000000000000003
33,0.32,14,42,3.4,4.9,12,0,0,1,0,56,8.3
34,0.32,55,51,7.7,1.5,14,0,0,0,1,106,9.2
35,0.32,21,24,1.2,1.8,36,0,0,0,1,45,3.0
36,0.32,36,33,4.7,0.8,-5,0,1,0,0,69,5.5
37,0.32,17,49,4.5,4.8,21,0,0,1,0,66,9.3
38,0.32,44,31,4.8,0.5,-17,0,0,0,1,75,5.3
39,0.32,45,44,5.7,0.9,2,0,0,0,1,89,6.6000000000000005
40,0.32,39,36,4.7,0.9,-3,0,0,0,1,75,5.6000000000000005
41,84.44,71,125,16.1,1.9,61,1,1,0,0,196,18.0
42,21.27,35,86,8.0,1.6,26,0,1,0,0,121,9.6
43,9.52,3,29,0.9,4.3,-2,0,0,1,0,32,5.2
44,6.35,20,47,4.5,6.3,47,0,0,1,0,67,10.8
45,2.86,23,62,4.4,1.8,37,0,1,0,0,85,6.2
46,1.59,47,77,9.1,1.3,29,0,1,0,0,124,10.4
47,1.27,66,32,8.8,1.0,-1,0,0,0,1,98,9.8
48,0.32,60,58,9.4,1.8,27,0,0,0,1,118,11.200000000000001
49,0.32,31,40,4.2,1.8,30,0,0,0,1,71,6.0
50,0.32,37,38,4.8,1.5,19,0,1,0,0,75,6.3
51,0.32,10,26,1.8,5.2,20,0,0,1,0,36,7.0
52,0.32,46,30,5.5,1.2,-3,0,0,0,1,76,6.7
53,98.71,87,118,17.4,2.2,78,1,1,0,0,205,19.599999999999998
54,32.9,9,24,1.2,6.3,14,0,0,1,0,33,7.5
55,17.42,40,71,8.0,2.3,68,0,1,0,0,111,10.3
56,10.0,47,58,7.5,1.8,26,0,0,0,1,105,9.3
57,5.48,31,65,7.3,7.2,51,0,0,1,0,96,14.5
58,4.19,51,67,9.3,2.2,65,0,0,0,1,118,11.5
59,3.87,56,66,9.3,2.3,62,0,0,0,1,122,11.600000000000001
60,0.97,40,86,9.9,4.4,52,0,0,1,0,126,14.3
61,0.65,54,39,7.2,1.4,29,0,0,0,1,93,8.6
62,0.65,46,73,8.3,1.3,22,0,1,0,0,119,9.600000000000001
63,0.32,5,53,2.8,2.6,-31,0,0,1,0,58,5.4
64,0.32,37,57,6.2,0.8,-12,0,1,0,0,94,7.0
65,0.32,39,77,7.7,1.8,27,0,1,0,0,116,9.5
66,0.32,31,49,5.1,0.2,-24,0,1,0,0,80,5.3
67,96.19,73,135,16.6,3.0,100,1,1,0,0,208,19.6
68,28.89,53,77,9.8,1.3,20,0,1,0,0,130,11.100000000000001
69,8.89,4,22,0.5,6.4,36,0,0,1,0,26,6.9
70,6.67,20,66,5.9,5.7,30,0,0,1,0,86,11.600000000000001
71,4.13,37,37,4.8,1.2,10,0,0,0,1,74,6.0
72,3.17,22,54,5.3,4.8,24,0,0,1,0,76,10.1
73,2.22,54,44,7.8,1.5,31,0,0,0,1,98,9.3
74,2.22,46,80,8.8,1.4,11,0,1,0,0,126,10.200000000000001
75,1.9,58,59,9.5,1.7,37,0,0,0,1,117,11.2
76,1.27,55,40,7.6,1.1,10,0,0,0,1,95,8.7
77,1.27,53,42,7.3,1.6,20,0,1,0,0,95,8.9
78,0.95,71,64,11.6,2.4,78,0,0,0,1,135,14.0
79,0.32,37,84,9.5,5.3,57,0,0,1,0,121,14.8
80,0.32,30,73,6.4,0.7,-10,0,1,0,0,103,7.1000000000000005
81,0.32,42,60,7.4,1.8,42,0,1,0,0,102,9.200000000000001
82,0.32,42,58,7.0,2.1,49,0,0,0,1,100,9.1
83,0.32,30,44,4.5,1.9,45,0,1,0,0,74,6.4
84,93.67,52,163,14.9,2.1,71,1,1,0,0,215,17.0
85,54.33,48,93,9.9,0.9,-8,0,1,0,0,141,10.8
86,10.67,24,58,5.7,8.8,87,0,0,1,0,82,14.5
87,9.67,48,90,11.0,5.1,61,0,0,1,0,138,16.1
88,1.67,61,62,9.4,1.6,30,0,0,0,1,123,11.0
89,1.0,41,81,8.1,1.1,2,0,1,0,0,122,9.2
90,0.67,29,76,6.1,1.4,14,0,1,0,0,105,7.5
91,0.67,58,26,6.8,0.9,-2,0,0,0,1,84,7.7
92,0.33,19,58,5.1,5.0,17,0,0,1,0,77,10.1
93,0.33,33,35,4.7,1.1,15,0,0,0,1,68,5.800000000000001
94,0.33,34,68,6.2,1.3,11,0,1,0,0,102,7.5
95,0.33,24,53,4.9,0.8,5,0,1,0,0,77,5.7
96,0.33,45,54,6.9,1.6,32,0,1,0,0,99,8.5
97,0.33,40,57,6.6,1.5,22,0,0,0,1,97,8.1
98,0.33,19,63,5.5,5.8,25,0,0,1,0,82,11.3
99,94.44,62,121,15.2,2.4,69,1,1,0,0,183,17.599999999999998
100,35.19,23,72,7.2,6.4,44,0,0,1,0,95,13.600000000000001
101,12.59,54,53,9.5,1.1,12,0,1,0,0,107,10.6
102,11.11,42,63,7.8,1.1,-4,0,1,0,0,105,8.9
103,4.07,47,53,7.9,1.2,2,0,1,0,0,100,9.1
104,1.85,31,59,5.9,1.2,-2,0,1,0,0,90,7.1000000000000005
105,1.85,15,43,4.1,6.5,57,0,0,1,0,58,10.6
106,1.11,30,63,6.4,1.3,11,0,1,0,0,93,7.7
107,1.11,37,70,7.7,1.1,22,0,1,0,0,107,8.8
108,0.74,52,51,8.6,1.2,11,0,0,0,1,103,9.799999999999999
109,0.37,40,39,6.0,1.3,8,0,0,0,1,79,7.3
110,92.7,70,98,14.7,1.5,23,1,1,0,0,168,16.2
111,23.17,40,109,11.3,1.6,39,0,1,0,0,149,12.9
112,20.32,50,52,8.9,1.5,30,0,1,0,0,102,10.4
113,6.67,44,87,9.8,1.2,4,0,1,0,0,131,11.0
114,0.63,44,77,9.0,0.9,-9,0,1,0,0,121,9.9
115,0.32,17,64,5.5,6.2,34,0,0,1,0,81,11.7
116,0.32,37,57,6.6,1.6,19,0,1,0,0,94,8.2
117,0.32,21,70,6.7,4.4,39,0,0,1,0,91,11.100000000000001
118,84.76,54,114,13.2,0.9,15,1,1,0,0,168,14.1
119,59.37,85,114,17.7,1.9,41,0,1,0,0,199,19.599999999999998
120,34.6,65,90,13.0,1.4,17,0,1,0,0,155,14.4
121,0.32,51,59,8.8,2.2,51,0,0,0,1,110,11.0
122,0.32,15,58,4.8,6.7,35,0,0,1,0,73,11.5
123,72.06,45,84,9.8,1.5,19,1,1,0,0,129,11.3
124,71.43,19,65,6.1,6.4,31,0,0,1,0,84,12.5
125,25.4,72,41,10.7,1.1,-1,0,0,0,1,113,11.799999999999999
126,5.08,40,102,10.5,0.8,8,0,1,0,0,142,11.3
127,2.54,54,51,8.9,0.6,-13,0,1,0,0,105,9.5
128,0.95,62,65,11.1,0.7,-6,0,1,0,0,127,11.799999999999999
129,83.94,86,45,13.8,1.5,23,1,0,0,1,131,15.3
130,66.67,41,122,13.0,1.5,30,0,1,0,0,163,14.5
131,4.55,21,73,7.6,5.6,33,0,0,1,0,94,13.2
132,1.52,44,57,8.4,2.2,37,0,0,0,1,101,10.600000000000001
133,1.52,51,53,9.2,2.1,48,0,0,0,1,104,11.299999999999999
134,0.91,48,61,9.5,0.3,-26,0,1,0,0,109,9.8
135,0.61,28,75,8.6,5.5,42,0,0,1,0,103,14.1
136,0.3,45,33,6.6,1.2,8,0,0,0,1,78,7.8
137,0.3,12,52,3.9,1.1,15,0,1,0,0,64,5.0
138,0.3,40,73,8.9,0.6,0,0,0,0,1,113,9.5
139,0.3,40,31,6.0,1.1,2,0,0,0,1,71,7.1
140,98.84,35,72,8.1,1.7,31,1,1,0,0,107,9.799999999999999
141,14.2,70,39,11.0,0.9,-2,0,0,0,1,109,11.9
142,8.41,44,87,11.0,1.4,27,0,1,0,0,131,12.4
143,8.41,53,50,9.1,1.9,23,0,1,0,0,103,11.0
144,2.9,45,58,8.7,1.4,26,0,1,0,0,103,10.1
145,1.16,54,69,10.6,1.0,8,0,0,0,1,123,11.6
146,0.87,26,61,5.9,1.8,25,0,1,0,0,87,7.7
147,0.87,17,42,4.6,4.6,24,0,0,1,0,59,9.2
148,0.87,22,80,8.1,5.1,25,0,0,1,0,102,13.2
149,0.87,31,44,5.2,1.1,3,0,0,0,1,75,6.300000000000001
150,0.29,21,60,6.3,5.0,11,0,0,1,0,81,11.3
151,0.29,28,50,5.1,0.8,-2,0,1,0,0,78,5.8999999999999995
152,0.29,46,47,8.9,1.0,10,0,1,0,0,93,9.9
153,99.2,69,91,14.7,2.2,55,1,1,0,0,160,16.9
154,39.6,32,95,8.7,2.2,32,0,1,0,0,127,10.899999999999999
155,20.8,53,95,11.9,1.3,11,0,1,0,0,148,13.200000000000001
156,11.2,45,97,10.7,1.5,15,0,1,0,0,142,12.2
157,4.8,58,74,11.0,1.0,-1,0,1,0,0,132,12.0
158,2.0,76,56,12.2,1.3,8,0,0,0,1,132,13.5
159,1.2,15,58,4.8,6.3,14,0,0,1,0,73,11.1
160,0.8,58,79,11.1,1.8,33,0,1,0,0,137,12.9
161,0.4,41,34,6.4,1.4,28,0,1,0,0,75,7.800000000000001
162,71.85,56,64,11.7,2.1,48,1,1,0,0,120,13.799999999999999
163,18.52,27,84,8.5,1.9,25,0,1,0,0,111,10.4
164,6.67,20,71,7.8,5.7,26,0,0,1,0,91,13.5
165,4.81,18,60,6.3,6.9,53,0,0,1,0,78,13.2
166,2.96,52,27,7.8,1.9,27,0,0,0,1,79,9.7
167,1.85,50,24,8.5,1.1,12,0,0,0,1,74,9.6
168,1.11,46,61,9.5,1.8,21,0,1,0,0,107,11.3
169,0.74,60,47,11.3,1.0,1,0,0,0,1,107,12.3
170,0.74,32,80,9.1,1.4,10,0,1,0,0,112,10.5
171,0.37,18,38,3.9,1.5,20,0,1,0,0,56,5.4
172,84.0,29,41,7.3,1.5,27,1,1,0,0,70,8.8
173,36.0,32,38,7.3,1.0,23,0,0,0,1,70,8.3
174,20.0,14,44,5.5,3.5,18,0,0,1,0,58,9.0
175,9.33,29,29,6.1,0.6,6,0,0,0,1,58,6.699999999999999
176,0.0,29,21,5.5,0.7,13,0,0,0,1,50,6.2
177,81.3,69,92,16.6,0.7,10,1,1,0,0,161,17.3
178,50.93,47,52,9.6,1.8,29,0,1,0,0,99,11.4
179,39.44,47,68,11.0,1.8,26,0,1,0,0,115,12.8
180,28.89,62,87,14.6,1.5,31,0,0,0,1,149,16.1
181,12.59,39,68,9.5,2.5,49,0,0,0,1,107,12.0
182,9.63,51,69,11.6,1.1,14,0,1,0,0,120,12.7
183,5.19,50,58,10.3,1.3,9,0,0,0,1,108,11.600000000000001
184,3.7,14,58,5.7,5.6,25,0,0,1,0,72,11.3
185,2.41,20,62,7.4,5.7,31,0,0,1,0,82,13.100000000000001
186,1.48,30,86,9.5,1.5,26,0,1,0,0,116,11.0
187,1.11,50,48,10.0,1.2,11,0,0,0,1,98,11.2
188,0.93,51,46,9.5,1.7,21,0,0,0,1,97,11.2
189,0.74,36,59,8.1,1.9,29,0,1,0,0,95,10.0
190,0.74,55,52,10.9,1.2,14,0,0,0,1,107,12.1
191,0.56,14,20,2.6,8.5,60,0,0,1,0,34,11.1
192,0.37,40,68,9.8,1.1,5,0,0,0,1,108,10.9
193,0.19,52,28,8.6,1.6,18,0,0,0,1,80,10.2
194,0.19,15,70,7.0,4.5,12,0,0,1,0,85,11.5
195,0.19,32,38,5.7,1.3,4,0,0,0,1,70,7.0
196,44.26,44,55,10.6,2.0,36,0,0,0,1,99,12.6
197,33.52,50,72,12.8,1.7,27,0,1,0,0,122,14.5
198,12.96,51,58,11.8,1.9,28,0,0,0,1,109,13.700000000000001
199,12.22,50,47,10.6,2.4,44,0,0,0,1,97,13.0
200,8.15,35,48,7.8,2.4,43,0,1,0,0,83,10.2
201,5.56,32,47,8.4,1.6,31,0,1,0,0,79,10.0
202,4.63,52,34,9.7,1.2,-1,0,0,0,1,86,10.899999999999999
203,3.15,28,58,8.1,1.9,31,0,1,0,0,86,10.0
204,2.96,48,42,10.2,1.8,21,0,0,0,1,90,12.0
205,2.78,47,48,10.6,1.4,22,0,0,0,1,95,12.0
206,1.85,22,52,6.4,0.5,-10,0,1,0,0,74,6.9
207,1.48,25,72,8.2,1.3,12,0,1,0,0,97,9.5
208,1.11,20,58,7.5,5.6,31,0,0,1,0,78,13.1
209,0.93,41,36,7.9,2.2,35,0,0,0,1,77,10.100000000000001
210,0.56,41,53,9.7,1.3,6,0,1,0,0,94,11.0
211,0.19,22,60,6.7,1.2,2,0,1,0,0,82,7.9
212,0.19,47,41,9.3,2.3,32,0,0,0,1,88,11.600000000000001
213,57.04,35,67,10.9,1.7,17,0,0,0,1,102,12.6
214,45.74,52,34,12.0,1.3,12,0,0,0,1,86,13.3
215,8.52,23,67,8.2,0.9,-11,0,1,0,0,90,9.1
216,7.41,52,26,10.5,1.6,14,0,0,0,1,78,12.1
217,6.3,51,36,11.0,2.1,30,0,0,0,1,87,13.1
218,4.81,25,66,9.0,1.1,6,0,1,0,0,91,10.1
219,3.33,33,50,8.9,2.4,33,0,1,0,0,83,11.3
220,3.15,23,27,5.9,3.0,-3,0,0,1,0,50,8.9
221,1.3,39,30,8.4,1.7,16,0,1,0,0,69,10.1
222,1.3,17,42,6.1,5.5,22,0,0,1,0,59,11.6
223,1.11,25,62,8.2,1.6,12,0,1,0,0,87,9.799999999999999
224,1.11,9,27,2.9,7.3,47,0,0,1,0,36,10.2
225,0.37,24,45,6.7,0.9,3,0,1,0,0,69,7.6000000000000005
226,0.19,29,36,6.5,2.1,23,0,1,0,0,65,8.6
227,96.96,44,83,11.9,2.7,17,1,0,0,1,127,14.600000000000001
228,40.36,44,50,9.6,2.4,16,0,1,0,0,94,12.0
229,19.82,47,60,11.6,2.7,18,0,0,0,1,107,14.3
230,13.75,40,53,9.2,3.1,35,0,1,0,0,93,12.299999999999999
231,10.89,30,67,8.0,2.8,27,0,1,0,0,97,10.8
232,8.57,39,62,9.1,3.1,17,0,0,0,1,101,12.2
233,4.29,20,42,6.0,7.7,33,0,0,1,0,62,13.7
234,2.32,34,47,7.6,3.1,29,0,1,0,0,81,10.7
235,1.25,37,52,8.5,2.2,13,0,0,0,1,89,10.7
236,1.25,29,45,5.8,2.0,8,0,1,0,0,74,7.8
237,0.54,41,55,8.9,2.7,23,0,1,0,0,96,11.600000000000001
238,0.18,31,52,7.2,1.7,22,0,1,0,0,83,8.9
239,68.28,14,48,5.2,9.6,52,1,0,1,0,62,14.8
240,68.1,42,54,9.9,2.3,25,0,0,0,1,96,12.2
241,59.66,58,36,10.7,2.8,25,0,0,0,1,94,13.5
242,10.69,44,40,8.6,1.8,-1,0,0,0,1,84,10.4
243,5.17,28,63,7.6,3.1,20,0,0,0,1,91,10.7
244,4.48,35,44,7.3,2.5,28,0,1,0,0,79,9.8
245,3.79,20,53,7.1,5.8,19,0,0,1,0,73,12.899999999999999
246,3.62,38,43,7.3,2.5,0,0,1,0,0,81,9.8
247,0.86,29,20,4.9,1.6,11,0,0,0,1,49,6.5
248,0.69,28,53,7.4,2.7,30,0,1,0,0,81,10.100000000000001
249,0.52,41,37,8.3,2.2,24,0,0,0,1,78,10.5
250,0.17,35,37,7.4,2.0,16,0,0,0,1,72,9.4
251,0.17,29,34,5.4,1.5,0,0,0,0,1,63,6.9
252,0.17,15,56,3.9,2.4,13,0,1,0,0,71,6.3
253,93.87,54,64,12.2,3.6,45,1,1,0,0,118,15.799999999999999
254,43.87,35,41,8.3,1.3,15,0,1,0,0,76,9.600000000000001
255,33.87,52,69,12.1,2.0,19,0,0,0,1,121,14.1
256,9.84,40,56,9.5,3.0,45,0,0,0,1,96,12.5
257,9.84,25,65,6.8,2.2,12,0,1,0,0,90,9.0
258,6.61,59,33,9.5,2.4,-2,0,0,0,1,92,11.9
259,6.13,15,56,6.4,5.8,9,0,0,1,0,71,12.2
260,3.23,41,34,8.2,1.3,-2,0,0,0,1,75,9.5
261,2.74,33,51,6.9,3.2,26,0,1,0,0,84,10.100000000000001
262,2.42,40,48,8.6,1.9,10,0,1,0,0,88,10.5
263,2.1,9,22,1.9,6.1,40,0,0,1,0,31,8.0
264,1.61,44,51,8.8,1.7,12,0,0,0,1,95,10.5
265,1.13,32,37,6.0,2.3,12,0,1,0,0,69,8.3
266,1.13,45,36,8.0,2.3,8,0,0,0,1,81,10.3
267,0.65,36,59,8.1,1.8,-8,0,1,0,0,95,9.9
268,0.65,18,34,3.9,1.5,4,0,1,0,0,52,5.4
269,0.48,19,40,6.0,3.5,3,0,0,1,0,59,9.5
270,0.48,39,40,8.2,2.1,10,0,0,0,1,79,10.299999999999999
271,0.48,34,39,7.2,2.1,17,0,1,0,0,73,9.3
272,0.48,27,50,6.7,2.1,15,0,0,0,1,77,8.8
273,0.16,41,26,6.8,1.5,-18,0,0,0,1,67,8.3
274,70.0,52,44,11.2,3.2,27,1,0,0,1,96,14.399999999999999
275,10.32,40,50,9.6,2.3,22,0,0,0,1,90,11.899999999999999
276,7.74,27,50,6.7,2.1,4,0,1,0,0,77,8.8
277,6.61,26,53,6.3,2.9,12,0,1,0,0,79,9.2
278,5.65,41,39,8.7,1.6,6,0,1,0,0,80,10.299999999999999
279,3.87,37,38,7.8,2.5,23,0,0,0,1,75,10.3
280,1.77,25,35,4.8,2.4,19,0,1,0,0,60,7.199999999999999
281,1.61,21,46,5.9,2.6,32,0,1,0,0,67,8.5
282,1.61,36,49,9.1,2.1,21,0,0,0,1,85,11.2
283,1.45,37,34,7.7,1.6,3,0,0,0,1,71,9.3
284,1.29,41,30,7.8,2.9,31,0,0,0,1,71,10.7
285,0.97,9,50,5.0,5.5,13,0,0,1,0,59,10.5
286,0.48,6,33,2.8,7.2,40,0,0,1,0,39,10.0
287,0.48,31,37,6.2,2.4,20,0,1,0,0,68,8.6
288,0.32,19,55,5.5,2.2,2,0,1,0,0,74,7.7
289,0.32,32,43,7.2,1.5,-3,0,1,0,0,75,8.7
290,0.16,41,25,7.3,1.5,-1,0,0,0,1,66,8.8
291,0.16,32,44,7.1,1.9,2,0,0,0,1,76,9.0
292,0.16,19,34,4.1,1.5,9,0,1,0,0,53,5.6
293,0.16,22,46,6.2,1.5,7,0,1,0,0,68,7.7
294,0.16,38,37,8.2,2.5,21,0,0,0,1,75,10.7
295,81.94,29,77,10.2,3.4,52,1,1,0,0,106,13.6
296,55.16,48,56,11.7,1.8,6,0,0,0,1,104,13.5
297,21.13,36,65,10.1,2.0,12,0,1,0,0,101,12.1
298,16.13,46,51,10.6,1.7,2,0,0,0,1,97,12.299999999999999
299,7.42,16,52,6.7,5.6,22,0,0,1,0,68,12.3
300,6.94,28,57,7.6,3.1,34,0,1,0,0,85,10.7
301,6.61,18,44,6.1,7.1,40,0,0,1,0,62,13.2
302,3.55,36,47,8.1,2.0,15,0,1,0,0,83,10.1
303,2.26,45,35,9.2,1.9,8,0,0,0,1,80,11.1
304,1.61,50,48,11.1,3.5,52,0,0,0,1,98,14.6
305,0.97,28,63,8.3,1.1,-25,0,1,0,0,91,9.4
306,0.32,41,48,9.7,1.4,-8,0,0,0,1,89,11.1
307,0.16,37,35,7.4,1.6,1,0,1,0,0,72,9.0
308,96.76,38,56,10.1,3.1,35,1,0,0,1,94,13.2
309,24.1,41,32,8.0,3.1,21,0,0,0,1,73,11.1
310,16.76,35,49,9.0,2.5,24,0,0,0,1,84,11.5
311,13.71,33,54,8.6,2.2,11,0,1,0,0,87,10.8
312,6.67,14,40,5.1,6.9,20,0,0,1,0,54,12.0
313,5.62,41,46,8.9,1.7,-10,0,0,0,1,87,10.6
314,5.24,31,44,7.2,2.0,11,0,1,0,0,75,9.2
315,3.52,38,43,8.8,3.0,26,0,0,0,1,81,11.8
316,3.52,23,50,6.3,2.5,18,0,1,0,0,73,8.8
317,2.76,14,40,5.1,5.7,-1,0,0,1,0,54,10.8
318,2.1,32,48,8.6,1.9,12,0,0,0,1,80,10.5
319,1.62,36,46,9.2,1.6,4,0,0,0,1,82,10.799999999999999
320,0.95,30,38,7.2,1.2,-2,0,1,0,0,68,8.4
321,0.57,28,29,5.4,1.3,-5,0,1,0,0,57,6.7
322,0.48,26,53,7.1,2.2,14,0,1,0,0,79,9.3
323,0.38,30,49,8.1,1.9,4,0,1,0,0,79,10.0
324,0.29,16,25,4.3,6.1,33,0,0,1,0,41,10.399999999999999
325,0.29,26,49,7.2,2.2,18,0,0,0,1,75,9.4
326,0.29,41,16,7.1,0.6,-35,0,0,0,1,57,7.699999999999999
327,0.1,24,16,3.9,2.1,22,0,1,0,0,40,6.0
328,82.02,29,96,10.2,3.1,31,1,1,0,0,125,13.299999999999999
329,75.5,54,69,12.1,3.4,34,0,0,0,1,123,15.5
330,9.38,45,55,9.8,1.3,-8,0,1,0,0,100,11.100000000000001
331,9.22,43,60,9.7,2.6,29,0,0,0,1,103,12.299999999999999
332,8.45,52,54,11.0,1.6,2,0,0,0,1,106,12.6
333,8.22,16,64,6.8,6.1,21,0,0,1,0,80,12.899999999999999
334,5.12,13,50,5.0,5.0,8,0,0,1,0,63,10.0
335,2.56,31,39,4.5,2.2,8,0,1,0,0,70,6.7
336,2.56,50,53,10.2,2.7,29,0,0,0,1,103,12.899999999999999
337,1.4,48,41,8.5,2.9,18,0,0,0,1,89,11.4
338,1.4,40,50,8.7,2.7,28,0,0,0,1,90,11.399999999999999
339,1.24,56,37,10.0,2.7,23,0,0,0,1,93,12.7
340,0.85,19,56,6.1,1.8,21,0,1,0,0,75,7.8999999999999995
341,0.31,16,27,3.6,4.5,17,0,0,1,0,43,8.1
342,0.31,27,50,5.6,2.8,23,0,1,0,0,77,8.399999999999999
343,0.23,28,59,7.4,2.4,26,0,1,0,0,87,9.8
344,0.23,47,32,8.3,2.5,31,0,0,0,1,79,10.8
345,0.16,39,63,8.9,1.6,-1,0,1,0,0,102,10.5
346,0.16,52,46,9.8,1.4,-6,0,0,0,1,98,11.200000000000001
347,0.08,31,54,6.8,1.5,-6,0,0,0,1,85,8.3
348,0.08,12,44,4.0,5.6,2,0,0,1,0,56,9.6
349,0.08,23,68,5.6,2.4,0,0,1,0,0,91,8.0
350,0.08,32,18,5.6,0.9,0,0,0,0,1,50,6.5
351,85.66,36,84,11.3,2.0,10,1,1,0,0,120,13.3
352,25.31,52,56,11.2,2.2,2,0,1,0,0,108,13.399999999999999
353,16.08,22,92,9.0,3.2,24,0,1,0,0,114,12.2
354,3.71,13,49,5.3,7.9,40,0,0,1,0,62,13.2
355,3.15,15,54,6.1,5.6,6,0,0,1,0,69,11.7
356,3.08,36,64,9.1,1.7,2,0,1,0,0,100,10.799999999999999
357,2.52,48,46,10.3,2.7,26,0,0,0,1,94,13.0
358,2.45,43,57,9.9,2.5,18,0,0,0,1,100,12.4
359,2.31,32,63,8.4,1.6,17,0,1,0,0,95,10.0
360,1.96,50,55,10.8,2.6,31,0,0,0,1,105,13.4
361,0.98,37,32,6.6,0.9,1,0,1,0,0,69,7.5
362,0.84,43,59,9.2,2.6,7,0,0,0,1,102,11.799999999999999
363,0.7,39,55,9.2,1.9,12,0,0,0,1,94,11.1
364,0.35,24,52,5.4,1.8,6,0,0,0,1,76,7.2
365,0.35,29,58,7.0,3.0,42,0,0,0,1,87,10.0
366,0.35,29,33,5.5,1.7,2,0,0,0,1,62,7.2
367,0.21,30,66,7.8,3.2,26,0,0,0,1,96,11.0
368,0.14,30,27,6.3,1.8,12,0,0,0,1,57,8.1
369,0.07,43,41,8.9,2.7,47,0,0,0,1,84,11.600000000000001
370,0.07,46,46,9.6,0.9,-19,0,0,0,1,92,10.5
371,0.07,13,46,5.3,6.4,27,0,0,1,0,59,11.7
372,97.99,65,47,14.1,3.1,28,1,0,0,1,112,17.2
373,49.18,47,59,11.5,2.4,16,0,1,0,0,106,13.9
374,42.16,50,48,11.3,2.9,27,0,0,0,1,98,14.200000000000001
375,18.36,10,60,6.4,8.1,40,0,0,1,0,70,14.5
376,11.72,29,67,8.6,3.3,18,0,1,0,0,96,11.899999999999999
377,7.01,35,49,8.4,2.4,18,0,0,0,1,84,10.8
378,3.21,31,66,8.8,3.7,41,0,1,0,0,97,12.5
379,1.27,43,49,9.9,3.2,30,0,0,0,1,92,13.100000000000001
380,0.67,42,41,9.2,2.5,17,0,0,0,1,83,11.7
381,0.52,17,43,6.1,5.1,12,0,0,1,0,60,11.2
382,0.3,17,34,5.1,5.4,14,0,0,1,0,51,10.5
383,0.3,52,35,10.7,1.3,-12,0,0,0,1,87,12.0
384,0.22,40,49,9.7,1.8,15,0,0,0,1,89,11.5
385,0.15,24,48,7.2,1.9,18,0,1,0,0,72,9.1
386,0.15,12,53,6.0,5.2,13,0,0,1,0,65,11.2
387,0.15,40,52,9.1,1.6,-17,0,1,0,0,92,10.7
388,0.15,8,17,2.3,2.7,-2,0,0,1,0,25,5.0
389,95.04,56,54,12.5,2.0,8,1,0,0,1,110,14.5
390,59.17,35,78,10.2,2.4,17,0,1,0,0,113,12.6
391,30.38,32,65,8.9,2.6,34,0,1,0,0,97,11.5
392,19.32,45,49,9.9,2.9,30,0,0,0,1,94,12.8
393,7.74,33,70,9.4,1.7,3,0,1,0,0,103,11.1
394,5.94,19,31,4.8,5.7,23,0,0,1,0,50,10.5
395,2.03,25,61,6.8,2.7,16,0,1,0,0,86,9.5
396,1.43,46,38,9.2,2.5,23,0,1,0,0,84,11.7
397,1.43,35,54,7.8,1.7,-2,0,0,0,1,89,9.5
398,0.98,40,39,7.9,2.2,11,0,0,0,1,79,10.100000000000001
399,0.98,31,42,9.0,4.9,24,0,0,1,0,73,13.9
400,0.83,25,66,7.3,1.9,5,0,1,0,0,91,9.2
401,0.53,16,43,5.5,5.7,31,0,0,1,0,59,11.2
402,0.53,38,33,6.5,2.7,16,0,0,0,1,71,9.2
403,0.45,31,42,6.4,1.7,13,0,1,0,0,73,8.1
404,0.3,40,35,7.1,2.7,15,0,1,0,0,75,9.8
405,0.23,16,41,5.2,5.3,6,0,0,1,0,57,10.5
406,0.23,40,31,7.7,2.1,27,0,0,0,1,71,9.8
407,0.08,30,50,7.0,2.4,22,0,1,0,0,80,9.4
408,0.08,25,63,7.3,2.5,25,0,1,0,0,88,9.8
409,67.22,29,83,10.6,2.9,35,1,1,0,0,112,13.5
410,62.71,50,59,13.0,2.5,45,0,0,0,1,109,15.5
411,54.81,51,58,12.2,2.4,15,0,1,0,0,109,14.6
412,2.11,51,44,10.9,1.9,-2,0,1,0,0,95,12.8
413,1.28,30,58,8.1,2.2,16,0,0,0,1,88,10.3
414,0.75,44,39,8.8,2.6,21,0,1,0,0,83,11.4
415,0.75,33,68,10.0,2.2,37,0,1,0,0,101,12.2
416,0.68,20,69,7.3,2.2,17,0,1,0,0,89,9.5
417,0.53,38,44,8.4,3.1,24,0,1,0,0,82,11.5
418,0.38,19,57,8.2,4.8,39,0,0,1,0,76,13.0
419,0.23,7,37,3.1,7.2,19,0,0,1,0,44,10.3
420,0.23,14,55,6.3,6.2,21,0,0,1,0,69,12.5
421,0.15,16,43,5.6,6.2,20,0,0,1,0,59,11.8
422,0.15,42,44,9.4,2.6,15,0,0,0,1,86,12.0
423,0.15,34,47,7.2,2.2,6,0,1,0,0,81,9.4
424,0.15,9,40,3.8,6.9,22,0,0,1,0,49,10.7
425,0.15,29,65,8.1,1.8,-8,0,0,0,1,94,9.9
426,0.08,10,45,4.6,6.8,22,0,0,1,0,55,11.399999999999999
427,0.08,20,59,5.6,1.8,2,0,1,0,0,79,7.3999999999999995
428,0.08,16,27,4.3,3.9,0,0,0,1,0,43,8.2
429,0.08,23,47,5.8,2.4,12,0,1,0,0,70,8.2
430,82.78,50,48,10.8,2.5,9,1,0,0,1,98,13.3
431,76.19,41,63,11.5,2.8,30,0,0,0,1,104,14.3
432,26.35,31,68,9.3,2.0,0,0,0,0,1,99,11.3
433,8.49,32,44,7.1,2.7,25,0,1,0,0,76,9.8
434,5.48,41,32,7.6,2.7,24,0,1,0,0,73,10.3
435,4.52,19,75,7.8,2.7,26,0,1,0,0,94,10.5
436,3.25,45,46,10.1,2.0,3,0,1,0,0,91,12.1
437,2.46,43,43,9.2,1.8,0,0,0,0,1,86,11.0
438,1.83,14,30,4.0,6.0,33,0,0,1,0,44,10.0
439,1.51,32,53,8.1,3.0,24,0,0,0,1,85,11.1
440,1.27,24,56,6.8,1.4,-1,0,1,0,0,80,8.2
441,0.87,16,46,6.2,3.3,-2,0,0,1,0,62,9.5
442,0.4,32,34,8.2,1.9,20,0,1,0,0,66,10.1
443,0.4,19,57,6.1,2.3,14,0,1,0,0,76,8.399999999999999
444,0.4,8,42,4.1,5.7,15,0,0,1,0,50,9.8
445,0.24,4,21,1.9,2.3,7,0,0,1,0,25,4.199999999999999
446,0.24,18,50,7.0,5.8,18,0,0,1,0,68,12.8
447,0.16,16,32,4.6,5.5,7,0,0,1,0,48,10.1
448,0.08,37,36,7.1,1.7,-3,0,1,0,0,73,8.799999999999999
449,0.08,11,48,5.4,4.5,12,0,0,1,0,59,9.9
450,98.86,50,59,13.4,2.3,18,1,1,0,0,109,15.7
451,40.13,60,37,12.8,1.9,7,0,1,0,0,97,14.700000000000001
452,30.74,28,65,8.9,1.6,6,0,0,0,1,93,10.5
453,8.99,34,50,8.8,1.7,11,0,1,0,0,84,10.5
454,3.49,19,59,8.6,4.5,16,0,0,1,0,78,13.1
455,2.68,14,67,6.1,2.6,23,0,1,0,0,81,8.7
456,2.55,37,46,8.2,2.3,-9,0,0,0,1,83,10.5
457,1.01,12,40,5.1,5.9,33,0,0,1,0,52,11.0
458,0.81,19,30,5.2,6.2,21,0,0,1,0,49,11.4
459,0.74,19,48,5.7,2.2,21,0,1,0,0,67,7.9
460,0.54,24,53,6.9,2.8,26,0,0,0,1,77,9.7
461,0.54,41,35,8.6,2.6,15,0,0,0,1,76,11.2
462,0.47,22,42,5.7,2.7,36,0,1,0,0,64,8.4
463,0.4,24,30,4.2,2.8,15,0,0,0,1,54,7.0
464,0.2,4,49,3.8,4.6,-9,0,0,1,0,53,8.399999999999999
465,0.2,35,27,6.8,2.6,24,0,0,0,1,62,9.4
466,0.13,26,37,6.2,2.0,15,0,0,0,1,63,8.2
467,0.13,40,41,9.3,1.7,6,0,0,0,1,81,11.0
468,0.07,29,48,7.3,2.1,18,0,0,0,1,77,9.4
469,60.89,32,24,7.0,1.0,2,1,0,0,1,56,8.0
470,59.11,15,41,5.8,1.7,26,0,1,0,0,56,7.5
471,51.34,28,19,5.6,1.0,-2,0,1,0,0,47,6.6
472,49.5,23,25,5.6,2.0,28,0,1,0,0,48,7.6
473,8.77,23,32,6.3,1.3,11,0,0,0,1,55,7.6
474,5.36,15,34,4.6,1.5,14,0,1,0,0,49,6.1
475,1.56,29,28,6.4,0.7,-4,0,1,0,0,57,7.1000000000000005
476,1.12,17,43,5.4,0.8,0,0,0,0,1,60,6.2
477,1.01,15,34,4.5,2.1,21,0,1,0,0,49,6.6
478,0.56,11,27,4.3,2.9,12,0,0,1,0,38,7.199999999999999
479,0.28,11,34,3.8,1.9,19,0,1,0,0,45,5.699999999999999
480,0.28,22,30,5.8,2.0,30,0,0,0,1,52,7.8
481,0.17,10,22,2.4,1.9,24,0,1,0,0,32,4.3
482,0.17,11,20,2.3,1.0,-6,0,0,0,1,31,3.3
483,0.17,4,28,2.4,3.6,2,0,0,1,0,32,6.0
484,0.17,11,37,3.9,1.2,2,0,1,0,0,48,5.1
485,0.06,6,18,2.0,3.8,19,0,0,1,0,24,5.8
486,0.06,26,7,4.2,1.0,0,0,1,0,0,33,5.2
487,0.06,20,18,4.1,2.0,31,0,0,0,1,38,6.1
488,0.06,18,20,3.4,1.3,2,0,1,0,0,38,4.7
489,0.06,18,35,5.2,1.2,5,0,1,0,0,53,6.4
490,97.81,36,68,10.7,2.8,18,1,1,0,0,104,13.5
491,64.01,31,56,8.8,2.4,28,0,1,0,0,87,11.200000000000001
492,31.75,28,58,8.1,2.1,7,0,1,0,0,86,10.2
493,10.0,30,32,6.4,2.8,38,0,1,0,0,62,9.2
494,6.13,37,47,9.3,2.2,16,0,1,0,0,84,11.5
495,5.18,41,38,8.8,2.8,23,0,1,0,0,79,11.600000000000001
496,4.23,29,41,6.4,3.7,34,0,1,0,0,70,10.100000000000001
497,3.87,28,40,6.4,2.3,26,0,1,0,0,68,8.7
498,2.55,34,45,8.4,2.5,21,0,1,0,0,79,10.9
499,2.12,43,39,9.7,2.5,32,0,0,0,1,82,12.2
500,1.39,6,55,5.1,4.9,22,0,0,1,0,61,10.0
501,0.95,28,20,6.0,1.7,16,0,0,0,1,48,7.7
502,0.8,23,47,6.6,1.5,8,0,1,0,0,70,8.1
503,0.66,33,29,6.7,2.3,17,0,0,0,1,62,9.0
504,0.66,24,42,6.7,1.1,-6,0,1,0,0,66,7.800000000000001
505,0.51,34,44,8.2,1.8,13,0,0,0,1,78,10.0
506,0.29,23,33,6.2,4.5,-2,0,0,1,0,56,10.7
507,0.22,11,65,5.3,2.6,20,0,1,0,0,76,7.9
508,0.07,24,43,5.8,2.9,16,0,0,0,1,67,8.7
509,0.07,33,37,6.7,1.8,0,0,0,0,1,70,8.5
510,0.07,51,28,9.9,0.3,-35,0,0,0,1,79,10.200000000000001
511,0.07,8,35,2.6,6.9,15,0,0,1,0,43,9.5
512,56.56,53,28,10.4,2.2,10,0,0,0,1,81,12.600000000000001
513,47.07,38,48,9.5,1.8,5,0,1,0,0,86,11.3
514,8.79,28,56,8.2,2.0,5,0,1,0,0,84,10.2
515,7.9,25,45,6.5,2.1,15,0,1,0,0,70,8.6
516,4.46,42,27,8.9,2.5,29,0,0,0,1,69,11.4
517,2.04,21,45,7.2,4.7,7,0,0,1,0,66,11.9
518,1.97,28,38,6.2,3.2,30,0,1,0,0,66,9.4
519,1.85,43,29,8.6,1.5,2,0,1,0,0,72,10.1
520,1.46,35,52,9.3,1.5,1,0,0,0,1,87,10.8
521,1.02,31,45,7.9,2.2,17,0,1,0,0,76,10.100000000000001
522,0.89,37,36,8.5,2.6,27,0,0,0,1,73,11.1
523,0.32,15,45,5.8,6.6,21,0,0,1,0,60,12.399999999999999
524,0.13,7,39,3.0,5.6,3,0,0,1,0,46,8.6
525,0.06,18,27,5.3,3.5,5,0,0,1,0,45,8.8
526,0.06,33,29,6.9,2.5,21,0,0,0,1,62,9.4
527,0.06,15,30,4.2,5.4,15,0,0,1,0,45,9.600000000000001
528,93.0,46,60,12.4,2.6,17,1,0,0,1,106,15.0
529,53.33,36,49,9.1,2.4,19,0,1,0,0,85,11.5
530,42.47,41,48,10.3,1.7,7,0,0,0,1,89,12.0
531,17.8,19,63,7.1,2.9,25,0,1,0,0,82,10.0
532,14.13,50,21,9.1,2.6,21,0,0,0,1,71,11.7
533,4.0,27,39,6.9,2.3,23,0,0,0,1,66,9.2
534,3.53,25,49,6.5,3.3,34,0,1,0,0,74,9.8
535,2.93,16,66,8.4,3.2,-2,0,0,1,0,82,11.600000000000001
536,1.93,14,37,4.5,7.1,24,0,0,1,0,51,11.6
537,0.87,40,34,8.7,2.1,7,0,0,0,1,74,10.799999999999999
538,0.67,33,37,7.4,1.9,6,0,1,0,0,70,9.3
539,0.53,38,40,8.4,3.0,25,0,1,0,0,78,11.4
540,0.4,22,45,5.4,1.5,-8,0,1,0,0,67,6.9
541,0.27,20,57,6.9,2.6,27,0,1,0,0,77,9.5
542,0.2,27,48,8.8,4.1,-5,0,0,1,0,75,12.9
543,0.2,13,50,4.4,2.6,14,0,1,0,0,63,7.0
544,0.2,21,32,4.1,2.3,5,0,1,0,0,53,6.3999999999999995
545,0.07,16,51,7.0,4.3,9,0,0,1,0,67,11.3
546,96.05,30,70,9.7,3.0,27,1,1,0,0,100,12.7
547,66.11,44,45,10.5,1.7,17,0,1,0,0,89,12.2
548,16.35,29,47,8.9,6.4,19,0,0,1,0,76,15.3
549,15.45,17,54,7.2,5.7,10,0,0,1,0,71,12.9
550,12.34,34,55,8.7,2.1,11,0,0,0,1,89,10.799999999999999
551,11.02,39,46,9.8,2.8,18,0,0,0,1,85,12.600000000000001
552,7.13,40,45,9.7,2.2,13,0,0,0,1,85,11.899999999999999
553,3.59,23,63,7.8,2.1,17,0,1,0,0,86,9.9
554,1.02,40,29,8.2,1.5,2,0,1,0,0,69,9.7
555,0.42,33,36,7.0,1.7,6,0,0,0,1,69,8.7
556,0.42,9,31,2.7,6.6,34,0,0,1,0,40,9.3
557,0.3,16,56,7.3,4.7,3,0,0,1,0,72,12.0
558,0.24,39,36,8.4,1.7,-1,0,0,0,1,75,10.1
559,0.06,35,27,6.8,2.0,13,0,0,0,1,62,8.8
560,77.07,39,54,9.9,2.3,14,1,0,0,1,93,12.2
561,72.8,39,58,10.0,2.2,11,0,1,0,0,97,12.2
562,33.6,35,57,7.9,3.1,21,0,1,0,0,92,11.0
563,33.29,34,68,9.0,2.8,28,0,0,0,1,102,11.8
564,16.46,41,67,10.5,2.6,20,0,1,0,0,108,13.1
565,10.12,39,61,9.8,1.8,15,0,0,0,1,100,11.600000000000001
566,5.91,42,56,10.2,2.2,16,0,1,0,0,98,12.399999999999999
567,4.21,23,68,7.1,2.1,13,0,0,0,1,91,9.2
568,2.26,49,38,9.3,1.9,3,0,0,0,1,87,11.200000000000001
569,1.95,43,35,8.3,3.5,49,0,1,0,0,78,11.8
570,0.61,34,51,8.4,2.5,25,0,0,0,1,85,10.9
571,0.24,27,55,6.8,2.6,23,0,0,0,1,82,9.4
572,0.18,10,50,4.4,7.3,23,0,0,1,0,60,11.7
573,0.06,30,33,6.0,2.3,21,0,1,0,0,63,8.3
574,0.06,29,60,7.3,1.8,0,0,1,0,0,89,9.1
575,0.06,17,46,5.7,5.2,32,0,0,1,0,63,10.9
576,0.06,42,34,8.0,1.8,8,0,1,0,0,76,9.8
577,98.07,41,87,12.3,2.3,24,1,0,0,1,128,14.600000000000001
578,43.22,35,65,8.9,2.4,18,0,1,0,0,100,11.3
579,27.19,41,75,10.8,2.1,3,0,1,0,0,116,12.9
580,25.85,36,63,8.8,2.1,18,0,0,0,1,99,10.9
581,18.83,36,64,9.2,2.5,15,0,0,0,1,100,11.7
582,15.5,41,58,9.1,2.7,20,0,1,0,0,99,11.8
583,12.46,51,38,9.2,1.8,7,0,0,0,1,89,11.0
584,7.31,44,66,10.2,1.6,2,0,0,0,1,110,11.799999999999999
585,3.86,17,57,6.7,5.9,39,0,0,1,0,74,12.600000000000001
586,1.23,30,53,6.9,2.9,25,0,1,0,0,83,9.8
587,1.05,33,40,6.3,2.4,17,0,0,0,1,73,8.7
588,0.88,28,49,5.8,3.0,22,0,1,0,0,77,8.8
589,0.7,45,53,10.1,1.4,4,0,1,0,0,98,11.5
590,0.47,32,47,7.7,2.3,23,0,1,0,0,79,10.0
591,0.41,35,61,7.9,2.1,-3,0,1,0,0,96,10.0
592,0.41,47,41,9.3,2.0,19,0,1,0,0,88,11.3
593,0.29,16,67,7.3,4.7,13,0,0,1,0,83,12.0
594,0.18,41,51,9.1,2.3,27,0,1,0,0,92,11.399999999999999
595,0.06,38,46,7.3,2.2,8,0,1,0,0,84,9.5
596,77.0,43,67,10.9,1.8,-7,1,1,0,0,110,12.700000000000001
597,68.35,35,58,8.9,1.9,13,0,1,0,0,93,10.8
598,52.29,32,63,8.8,2.6,36,0,0,0,1,95,11.4
599,21.71,48,47,10.8,2.4,21,0,0,0,1,95,13.200000000000001
600,18.18,34,63,9.3,1.6,-6,0,1,0,0,97,10.9
601,1.71,16,49,6.1,4.8,22,0,0,1,0,65,10.899999999999999
602,0.82,36,42,7.5,2.0,5,0,1,0,0,78,9.5
603,0.71,28,59,7.8,2.6,25,0,0,0,1,87,10.4
604,0.47,25,49,7.0,1.5,7,0,1,0,0,74,8.5
605,0.47,47,33,8.9,2.0,19,0,1,0,0,80,10.9
606,0.41,15,60,7.2,3.5,12,0,0,1,0,75,10.7
607,0.35,33,52,8.3,2.1,26,0,0,0,1,85,10.4
608,0.35,48,19,8.0,0.8,-12,0,0,0,1,67,8.8
609,0.18,27,39,5.7,2.0,16,0,1,0,0,66,7.7
610,0.06,33,51,7.7,1.9,8,0,0,0,1,84,9.6
611,0.06,27,45,6.0,1.9,11,0,1,0,0,72,7.9
612,100.0,33,72,10.7,2.2,21,1,1,0,0,105,12.899999999999999
613,60.0,41,25,7.6,1.9,21,0,1,0,0,66,9.5
614,31.3,20,45,5.9,1.9,22,0,1,0,0,65,7.800000000000001
615,22.3,24,38,5.8,1.2,8,0,1,0,0,62,7.0
616,13.4,29,40,7.3,2.3,26,0,0,0,1,69,9.6
617,12.5,26,32,5.9,1.4,12,0,1,0,0,58,7.300000000000001
618,4.4,31,53,8.4,2.5,29,0,1,0,0,84,10.9
619,3.9,21,40,5.5,2.1,26,0,0,0,1,61,7.6
620,1.5,30,36,6.8,2.3,30,0,0,0,1,66,9.1
621,1.0,8,36,4.0,3.3,17,0,0,1,0,44,7.3
622,0.5,5,42,3.7,4.1,19,0,0,1,0,47,7.8
623,0.5,20,41,5.7,1.4,12,0,0,0,1,61,7.1
624,0.4,15,51,4.9,1.2,-7,0,0,0,1,66,6.1000000000000005
625,0.4,27,24,5.4,1.3,10,0,0,0,1,51,6.7
626,0.3,24,33,5.2,2.0,16,0,1,0,0,57,7.2
627,0.2,24,30,4.7,2.2,26,0,1,0,0,54,6.9
628,0.1,20,47,5.3,2.0,21,0,0,0,1,67,7.3
629,0.1,20,28,4.5,1.5,10,0,0,0,1,48,6.0
630,83.59,60,46,11.7,2.1,20,1,1,0,0,106,13.799999999999999
631,56.97,44,79,11.1,2.8,28,0,1,0,0,123,13.899999999999999
632,31.64,40,75,10.8,3.9,64,0,0,0,1,115,14.700000000000001
633,25.95,30,85,9.6,2.3,35,0,0,0,1,115,11.899999999999999
634,12.36,23,73,8.8,5.2,13,0,0,1,0,96,14.0
635,6.46,47,61,10.7,2.0,27,0,0,0,1,108,12.7
636,2.46,28,58,8.5,6.8,48,0,0,1,0,86,15.3
637,1.44,55,55,10.9,2.4,17,0,1,0,0,110,13.3
638,0.51,50,40,9.4,2.0,8,0,0,0,1,90,11.4
639,0.31,42,64,10.1,2.4,24,0,1,0,0,106,12.5
640,0.21,39,49,8.4,2.2,36,0,1,0,0,88,10.600000000000001
641,0.15,41,38,7.7,2.4,16,0,0,0,1,79,10.1
642,0.05,32,67,8.1,2.5,15,0,1,0,0,99,10.6
643,0.05,42,62,10.1,3.5,57,0,0,0,1,104,13.6
644,99.54,64,89,15.8,2.4,22,1,1,0,0,153,18.2
645,53.72,61,52,12.1,2.9,34,0,0,0,1,113,15.0
646,37.81,40,69,9.8,2.5,29,0,0,0,1,109,12.3
647,18.16,46,63,10.8,3.1,37,0,0,0,1,109,13.9
648,14.03,42,69,10.2,2.9,29,0,1,0,0,111,13.1
649,7.24,55,50,10.2,2.6,15,0,0,0,1,105,12.799999999999999
650,7.09,52,76,12.5,1.7,7,0,1,0,0,128,14.2
651,7.04,43,56,9.4,2.0,10,0,1,0,0,99,11.4
652,1.07,30,83,8.9,1.8,-2,0,0,0,1,113,10.700000000000001
653,0.77,30,69,7.5,2.7,18,0,0,0,1,99,10.2
654,0.71,47,47,9.6,1.5,4,0,1,0,0,94,11.1
655,0.71,25,76,9.4,3.0,-26,0,0,1,0,101,12.4
656,0.51,40,45,7.7,2.9,31,0,1,0,0,85,10.6
657,0.26,40,35,7.2,2.0,4,0,0,0,1,75,9.2
658,0.2,33,60,7.4,2.2,8,0,1,0,0,93,9.600000000000001
659,0.2,39,63,8.6,2.3,16,0,1,0,0,102,10.899999999999999
660,89.69,51,89,13.1,2.9,35,1,1,0,0,140,16.0
661,65.41,44,100,13.2,2.3,8,0,0,0,1,144,15.5
662,43.56,32,100,11.2,2.9,35,0,1,0,0,132,14.1
663,38.97,69,38,12.6,2.5,31,0,1,0,0,107,15.1
664,9.02,49,71,11.7,2.7,18,0,0,0,1,120,14.399999999999999
665,3.2,17,75,7.9,6.5,38,0,0,1,0,92,14.4
666,2.11,47,63,10.7,2.6,21,0,0,0,1,110,13.299999999999999
667,1.96,42,52,8.7,2.0,7,0,1,0,0,94,10.7
668,0.41,23,62,8.0,4.8,12,0,0,1,0,85,12.8
669,0.15,37,66,9.0,2.7,32,0,1,0,0,103,11.7
670,0.05,36,53,7.7,3.2,34,0,1,0,0,89,10.9
671,0.05,57,37,10.0,3.1,29,0,1,0,0,94,13.1
